datetime,hour,solar irradiance,temperature,wind speed,humidity,solar power
25-09-2023,0,0,17.67,2.52,11.29,0
25-09-2023,1,0,17.27,2.49,11.11,0
25-09-2023,2,0,16.85,2.5,10.93,0
25-09-2023,3,0,16.48,2.53,10.86,0
25-09-2023,4,0,16.07,2.6,10.8,0
25-09-2023,5,0.59,23.51,2.56,18.25,0.59
25-09-2023,6,2.1,24.23,3.47,18.74,2.1
25-09-2023,7,87,25.23,3.68,19.47,87
25-09-2023,8,221.4,26.73,3.58,20.26,221.4
25-09-2023,9,149.7,27.73,3.24,20.45,149.7
25-09-2023,10,583.8,28.1,2.84,20.51,583.8
25-09-2023,11,535,28.14,2.8,20.45,535
25-09-2023,12,810,28.01,2.8,20.39,810
25-09-2023,13,645,27.75,2.81,20.39,645
25-09-2023,14,541,27.47,2.69,20.57,541
25-09-2023,15,245,27.12,2.47,20.75,245
25-09-2023,16,144,26.67,2.13,20.87,144
25-09-2023,17,87,25.79,1.62,20.69,87
25-09-2023,18,5.3,25.27,1.62,20.2,5.3
25-09-2023,19,2.11,25.04,1.66,19.96,2.11
25-09-2023,20,0,24.8,1.67,19.71,0
25-09-2023,21,0,24.56,1.62,19.47,0
25-09-2023,22,0,24.32,1.61,19.23,0
25-09-2023,23,0,24.11,1.68,18.98,0
26-09-2023,0,0,23.87,1.77,18.8,0
26-09-2023,1,0,23.65,1.76,18.62,0
26-09-2023,2,0,23.5,1.74,18.43,0
26-09-2023,3,0,23.31,1.77,18.25,0
26-09-2023,4,0,23.15,1.85,18.13,0
26-09-2023,5,0.3,23.13,2,18.01,0.3
26-09-2023,6,4.1,24.02,2.88,18.68,4.1
26-09-2023,7,127.1,25.23,3.04,19.47,127.1
26-09-2023,8,298.8,26.85,2.72,19.96,298.8
26-09-2023,9,490.2,27.98,2.24,20.2,490.2
26-09-2023,10,173.2,28.87,1.47,20.32,173.2
26-09-2023,11,111.5,29.44,0.95,20.2,111.5
26-09-2023,12,624.3,29.76,0.84,20.14,624.3
26-09-2023,13,1129.6,29.94,0.99,20.08,1129.6
26-09-2023,14,712.2,29.82,1.32,20.08,712.2
26-09-2023,15,346.7,29.33,1.43,20.57,346.7
26-09-2023,16,248.6,28.73,1.53,20.57,248.6
26-09-2023,17,122.3,27.58,1.42,21.06,122.3
26-09-2023,18,9.7,26.59,1.54,20.81,9.7
26-09-2023,19,1.3,26.02,1.62,20.51,1.3
26-09-2023,20,0,25.64,1.48,20.26,0
26-09-2023,21,0,25.32,1.26,19.96,0
26-09-2023,22,0,25.16,0.92,19.65,0
26-09-2023,23,0,25.16,0.45,19.35,0
27-09-2023,0,0,24.94,0.36,19.23,0
27-09-2023,1,0,24.73,0.32,19.04,0
27-09-2023,2,0,24.51,0.71,18.98,0
27-09-2023,3,0,24.37,0.79,18.86,0
27-09-2023,4,0,24.28,0.69,18.8,0
27-09-2023,5,0.4,24.02,0.81,18.62,0.4
27-09-2023,6,6.4,24.59,0.88,19.23,6.4
27-09-2023,7,121.4,25.83,0.71,19.65,121.4
27-09-2023,8,364.8,27.05,0.57,19.47,364.8
27-09-2023,9,303,28,1,19.47,303
27-09-2023,10,828.6,28.62,1.22,19.65,828.6
27-09-2023,11,256.3,28.98,1.35,19.59,256.3
27-09-2023,12,1037.3,29.2,1.42,19.71,1037.3
27-09-2023,13,959.3,29.08,1.4,19.84,959.3
27-09-2023,14,837.6,28.93,1.29,20.02,837.6
27-09-2023,15,610.2,28.86,1.12,20.39,610.2
27-09-2023,16,347.3,28.59,1.04,19.9,347.3
27-09-2023,17,152.3,27.98,0.75,20.2,152.3
27-09-2023,18,3,27.75,0.54,19.41,3
27-09-2023,19,0,27.39,0.65,19.35,0
27-09-2023,20,0,26.83,0.86,19.29,0
27-09-2023,21,0,26.3,1.06,19.23,0
27-09-2023,22,0,25.64,1.29,19.17,0
27-09-2023,23,0,25.1,1.47,18.98,0
28-09-2023,0,0,24.66,1.56,18.86,0
28-09-2023,1,0,24.34,1.61,18.68,0
28-09-2023,2,0,24.1,1.65,18.49,0
28-09-2023,3,0,23.88,1.67,18.37,0
28-09-2023,4,0,23.83,1.62,18.31,0
28-09-2023,5,0.5,23.78,1.6,18.37,0.5
28-09-2023,6,3,24.73,2.02,19.1,3
28-09-2023,7,90.5,25.83,2.62,19.59,90.5
28-09-2023,8,394.9,27.85,1.77,20.14,394.9
28-09-2023,9,576.9,29.3,1.29,20.26,576.9
28-09-2023,10,600.1,30.15,1.31,20.57,600.1
28-09-2023,11,864.4,30.65,1.45,20.69,864.4
28-09-2023,12,962.5,30.78,1.67,20.75,962.5
28-09-2023,13,959.3,30.5,1.9,20.57,959.3
28-09-2023,14,837.8,30.07,1.89,20.69,837.8
28-09-2023,15,117.6,29.8,1.58,21.24,117.6
28-09-2023,16,61.8,29.29,1.49,20.45,61.8
28-09-2023,17,45.2,28.23,1.2,21.55,45.2
28-09-2023,18,1.3,27.6,1.28,21.36,1.3
28-09-2023,19,0.4,27.18,1.4,21.12,0.4
28-09-2023,20,0,26.8,1.45,20.94,0
28-09-2023,21,0,26.51,1.39,20.63,0
28-09-2023,22,0,26.26,1.19,20.26,0
28-09-2023,23,0,26.19,0.82,19.78,0
29-09-2023,0,0,26.08,0.49,19.47,0
29-09-2023,1,0,25.87,0.43,19.35,0
29-09-2023,2,0,25.52,0.6,19.41,0
29-09-2023,3,0,25.11,0.86,19.29,0
29-09-2023,4,0,24.73,1.12,19.17,0
29-09-2023,5,0.3,24.51,1.22,19.04,0.3
29-09-2023,6,1.7,25.17,1.18,19.71,1.7
29-09-2023,7,55.9,26.57,1.46,20.14,55.9
29-09-2023,8,309.6,27.95,1.56,20.57,309.6
29-09-2023,9,399,28.86,1.79,20.26,399
29-09-2023,10,529.5,29.34,1.83,20.14,529.5
29-09-2023,11,1001.2,29.72,1.74,20.08,1001.2
29-09-2023,12,1014.6,29.87,1.61,20.02,1014.6
29-09-2023,13,999,29.91,1.48,19.96,999
29-09-2023,14,892.6,29.84,1.28,19.9,892.6
29-09-2023,15,656.9,29.59,0.97,20.51,656.9
29-09-2023,16,97.7,29.05,0.97,19.78,97.7
29-09-2023,17,64.5,28.04,0.94,20.75,64.5
29-09-2023,18,4,27.41,1.16,20.51,4
29-09-2023,19,0.7,26.8,1.45,20.39,0.7
29-09-2023,20,0,26.33,1.62,20.14,0
29-09-2023,21,0,25.92,1.72,19.96,0
29-09-2023,22,0,25.55,1.74,19.71,0
29-09-2023,23,0,25.19,1.7,19.53,0
30-09-2023,0,0,24.94,1.59,19.35,0
30-09-2023,1,0,24.74,1.5,19.17,0
30-09-2023,2,0,24.44,1.61,18.98,0
30-09-2023,3,0,24.26,1.88,18.8,0
30-09-2023,4,0,24.16,2.24,18.68,0
30-09-2023,5,0.4,24.16,2.84,18.62,0.4
30-09-2023,6,4.8,24.57,3.79,18.8,4.8
30-09-2023,7,153.6,25.29,4.44,19.29,153.6
30-09-2023,8,423.1,26.44,4.23,19.9,423.1
30-09-2023,9,469.3,27.65,3.98,20.2,469.3
30-09-2023,10,651.4,28.61,3.51,20.45,651.4
30-09-2023,11,1111,29.12,2.92,20.51,1111
30-09-2023,12,1115.1,29.35,2.5,20.32,1115.1
30-09-2023,13,1060.3,29.28,2.24,20.2,1060.3
30-09-2023,14,966.4,29.12,1.86,20.39,966.4
30-09-2023,15,600,28.72,1.63,20.32,600
30-09-2023,16,321.1,28.05,1.59,19.71,321.1
30-09-2023,17,151.3,27.2,0.98,20.39,151.3
30-09-2023,18,8.5,26.66,0.94,19.9,8.5
30-09-2023,19,0.8,26.03,1.26,19.96,0.8
30-09-2023,20,0,25.48,1.52,19.9,0
30-09-2023,21,0,25.12,1.65,19.71,0
30-09-2023,22,0,24.87,1.72,19.53,0
30-09-2023,23,0,24.65,1.77,19.35,0
01-10-2023,0,0,24.46,1.72,19.23,0
01-10-2023,1,0,24.29,1.57,19.1,0
01-10-2023,2,0,24.17,1.44,18.92,0
01-10-2023,3,0,24.06,1.46,18.86,0
01-10-2023,4,0,23.93,1.54,18.74,0
01-10-2023,5,0.5,23.79,1.68,18.62,0.5
01-10-2023,6,1.4,24.37,2.12,19.1,1.4
01-10-2023,7,84.3,25.04,3.09,19.47,84.3
01-10-2023,8,400.6,25.73,3.26,20.02,400.6
01-10-2023,9,641,26.49,3.17,20.39,641
01-10-2023,10,828,26.94,2.87,20.45,828
01-10-2023,11,1025,27.34,2.42,20.2,1025
01-10-2023,12,1026.8,27.54,1.94,19.9,1026.8
01-10-2023,13,1053,27.53,1.58,19.65,1053
01-10-2023,14,860.5,27.44,1.58,19.59,860.5
01-10-2023,15,555.2,27.23,1.6,19.78,555.2
01-10-2023,16,296.9,26.81,1.5,19.78,296.9
01-10-2023,17,184.7,25.94,1.32,19.71,184.7
01-10-2023,18,8.9,25.34,1.49,19.35,8.9
01-10-2023,19,0.8,24.95,1.71,19.23,0.8
01-10-2023,20,0,24.63,1.85,19.04,0
01-10-2023,21,0,24.43,1.88,18.8,0
01-10-2023,22,0,24.22,1.84,18.68,0
01-10-2023,23,0,24.07,1.8,18.55,0
02-10-2023,0,0,23.89,1.84,18.49,0
02-10-2023,1,0,23.79,1.92,18.43,0
02-10-2023,2,0,23.63,2.04,18.37,0
02-10-2023,3,0,23.52,2.08,18.37,0
02-10-2023,4,0,23.42,2.02,18.25,0
02-10-2023,5,0.5,23.4,1.8,18.25,0.5
02-10-2023,6,2.9,24.08,1.54,18.74,2.9
02-10-2023,7,118.9,24.87,1.74,19.23,118.9
02-10-2023,8,337.2,25.71,1.88,19.59,337.2
02-10-2023,9,534.8,26.58,1.97,19.59,534.8
02-10-2023,10,585.8,27.36,2.04,19.53,585.8
02-10-2023,11,780.9,28.03,2.11,19.65,780.9
02-10-2023,12,900.4,28.55,2.26,19.96,900.4
02-10-2023,13,885.5,28.73,2.39,20.32,885.5
02-10-2023,14,512.2,28.62,2.09,20.81,512.2
02-10-2023,15,306,28.42,1.88,21.12,306
02-10-2023,16,227.9,27.83,1.9,20.94,227.9
02-10-2023,17,63.3,26.87,1.39,21.3,63.3
02-10-2023,18,2.7,26.35,1.48,20.81,2.7
02-10-2023,19,0.6,26.05,1.51,20.57,0.6
02-10-2023,20,0,25.76,1.54,20.39,0
02-10-2023,21,0,25.49,1.6,20.14,0
02-10-2023,22,0,25.21,1.72,19.96,0
02-10-2023,23,0,24.97,1.98,19.71,0
03-10-2023,0,0,24.75,2.42,19.53,0
03-10-2023,1,0,24.55,3.02,19.35,0
03-10-2023,2,0,24.37,3.63,19.1,0
03-10-2023,3,0,24.26,4,18.92,0
03-10-2023,4,0,24.15,4.26,18.8,0
03-10-2023,5,0.5,23.99,4.12,18.62,0.5
03-10-2023,6,5,24.37,4.52,18.92,5
03-10-2023,7,142.7,25.55,4.94,19.71,142.7
03-10-2023,8,323.4,27.04,5.55,20.51,323.4
03-10-2023,9,620.2,28.44,5.68,21,620.2
03-10-2023,10,812.6,29.39,5.64,20.87,812.6
03-10-2023,11,919.4,29.83,5.5,20.39,919.4
03-10-2023,12,968.4,29.96,5.42,20.08,968.4
03-10-2023,13,933.4,29.9,5.37,20.02,933.4
03-10-2023,14,502.9,29.46,4.85,20.2,502.9
03-10-2023,15,388.2,28.94,4.48,20.2,388.2
03-10-2023,16,213.4,27.83,3.68,20.14,213.4
03-10-2023,17,101.7,26.29,2.63,19.96,101.7
03-10-2023,18,14.8,25.34,2.6,19.17,14.8
03-10-2023,19,0.6,24.89,2.6,18.62,0.6
03-10-2023,20,0,24.52,2.68,18.19,0
03-10-2023,21,0,24.23,2.76,17.94,0
03-10-2023,22,0,24.05,2.83,17.82,0
03-10-2023,23,0,23.93,2.92,17.76,0
04-10-2023,0,0,23.79,2.97,17.76,0
04-10-2023,1,0,23.66,2.95,17.76,0
04-10-2023,2,0,23.51,2.86,17.7,0
04-10-2023,3,0,23.24,2.78,17.58,0
04-10-2023,4,0,23,2.77,17.46,0
04-10-2023,5,0.4,22.86,2.78,17.4,0.4
04-10-2023,6,7.4,23.57,3.6,17.82,7.4
04-10-2023,7,104.2,24.9,3.87,18.55,104.2
04-10-2023,8,344.4,26.8,3.85,19.17,344.4
04-10-2023,9,529.4,28.37,4.15,19.35,529.4
04-10-2023,10,660.8,29.44,4.47,19.53,660.8
04-10-2023,11,948.2,30.07,4.78,19.59,948.2
04-10-2023,12,1018.9,30.4,5,19.53,1018.9
04-10-2023,13,920.8,30.32,5.13,19.41,920.8
04-10-2023,14,799,30.17,4.79,19.53,799
04-10-2023,15,609.6,29.75,4.27,19.41,609.6
04-10-2023,16,365.8,28.43,3.62,19.29,365.8
04-10-2023,17,131.8,26.29,2.61,19.23,131.8
04-10-2023,18,10.9,25.1,2.64,18.25,10.9
04-10-2023,19,0.5,24.47,2.66,17.7,0.5
04-10-2023,20,0,23.91,2.66,17.15,0
04-10-2023,21,0,23.37,2.63,16.6,0
04-10-2023,22,0,22.83,2.66,16.11,0
04-10-2023,23,0,22.38,2.75,15.69,0
05-10-2023,0,0,21.96,2.94,15.2,0
05-10-2023,1,0,21.52,3.21,14.71,0
05-10-2023,2,0,21.12,3.51,14.34,0
05-10-2023,3,0,20.79,3.72,14.1,0
05-10-2023,4,0,20.46,3.77,13.92,0
05-10-2023,5,0.4,20.17,3.7,13.92,0.4
05-10-2023,6,3,21.05,4.3,14.47,3
05-10-2023,7,139,22.68,4.46,15.62,139
05-10-2023,8,421.9,25.06,3.9,17.7,421.9
05-10-2023,9,673.3,27.86,4.14,18.31,673.3
05-10-2023,10,856.9,29.21,4.34,18.13,856.9
05-10-2023,11,949.7,29.83,4.37,17.94,949.7
05-10-2023,12,978.8,30.07,4.31,18.01,978.8
05-10-2023,13,921.8,30.08,4.24,18.01,921.8
05-10-2023,14,831.58,29.83,3.94,18.25,831.58
05-10-2023,15,630.7,29.6,3.61,17.88,630.7
05-10-2023,16,396.2,28.16,3.41,17.76,396.2
05-10-2023,17,161.2,25.71,2.51,18.25,161.2
05-10-2023,18,6.5,24.6,2.55,17.4,6.5
05-10-2023,19,0.6,24.09,2.52,17.03,0.6
05-10-2023,20,0,23.66,2.51,16.72,0
05-10-2023,21,0,23.23,2.53,16.36,0
05-10-2023,22,0,22.76,2.61,16.11,0
05-10-2023,23,0,22.35,2.76,15.81,0
06-10-2023,0,0,21.96,3.02,15.56,0
06-10-2023,1,0,21.65,3.41,15.44,0
06-10-2023,2,0,21.42,3.84,15.38,0
06-10-2023,3,0,21.25,4.16,15.38,0
06-10-2023,4,0,21.04,4.27,15.38,0
06-10-2023,5,0.4,20.89,4.18,15.38,0.4
06-10-2023,6,6.4,21.47,4.58,15.62,6.4
06-10-2023,7,172.8,22.81,4.66,16.42,172.8
06-10-2023,8,429.1,24.98,4.31,17.82,429.1
06-10-2023,9,661.8,27.37,4.36,18.37,661.8
06-10-2023,10,842.4,28.76,4.53,18.31,842.4
06-10-2023,11,949,29.56,4.55,18.13,949
06-10-2023,12,966,29.86,4.53,18.07,966
06-10-2023,13,922,29.89,4.44,18.13,922
06-10-2023,14,807.4,29.71,4.2,18.25,807.4
06-10-2023,15,621.8,29.21,3.83,18.37,621.8
06-10-2023,16,357.1,27.95,3.45,18.55,357.1
06-10-2023,17,118.1,25.91,2.45,18.92,118.1
06-10-2023,18,4,24.87,2.49,18.19,4
06-10-2023,19,0.7,24.36,2.45,17.82,0.7
06-10-2023,20,0,23.92,2.38,17.46,0
06-10-2023,21,0,23.58,2.32,17.15,0
06-10-2023,22,0,23.19,2.32,16.91,0
06-10-2023,23,0,22.82,2.38,16.72,0
07-10-2023,0,0,22.44,2.48,16.54,0
07-10-2023,1,0,22.19,2.72,16.42,0
07-10-2023,2,0,22.05,3.21,16.3,0
07-10-2023,3,0,21.89,3.71,16.24,0
07-10-2023,4,0,21.69,3.9,16.11,0
07-10-2023,5,0.4,21.46,3.89,15.99,0.4
07-10-2023,6,6.1,22.01,4.44,16.17,6.1
07-10-2023,7,141.3,23.39,4.49,16.91,141.3
07-10-2023,8,423.8,25.59,4.25,17.94,423.8
07-10-2023,9,660.3,27.72,4.53,18.43,660.3
07-10-2023,10,849.9,29.05,4.72,19.04,849.9
07-10-2023,11,960.3,29.79,4.71,19.35,960.3
07-10-2023,12,988.2,30.14,4.59,19.35,988.2
07-10-2023,13,926.2,30.17,4.45,19.23,926.2
07-10-2023,14,800.5,29.98,4.17,19.1,800.5
07-10-2023,15,626.6,29.55,3.6,19.35,626.6
07-10-2023,16,344.6,28.58,3.13,19.29,344.6
07-10-2023,17,107.9,26.4,2.29,19.41,107.9
07-10-2023,18,3.2,25.4,2.22,18.62,3.2
07-10-2023,19,0.7,24.88,2.17,17.94,0.7
07-10-2023,20,0,24.53,2.11,17.4,0
07-10-2023,21,0,24.11,2.06,16.97,0
07-10-2023,22,0,23.69,2.09,16.6,0
07-10-2023,23,0,23.18,2.17,16.3,0
08-10-2023,0,0,22.66,2.27,15.99,0
08-10-2023,1,0,22.12,2.38,15.75,0
08-10-2023,2,0,21.73,2.49,15.56,0
08-10-2023,3,0,21.37,2.57,15.44,0
08-10-2023,4,0,21.11,2.6,15.32,0
08-10-2023,5,0.3,20.81,2.59,15.26,0.3
08-10-2023,6,3.1,22.19,2.92,16.05,3.1
08-10-2023,7,142.3,23.94,3.48,16.97,142.3
08-10-2023,8,396.8,26.14,2.8,18.43,396.8
08-10-2023,9,637.8,28.9,2.82,17.94,637.8
08-10-2023,10,824.9,30.15,2.86,17.76,824.9
08-10-2023,11,915.3,30.71,2.9,17.76,915.3
08-10-2023,12,1002.7,30.98,2.95,17.88,1002.7
08-10-2023,13,950.9,30.89,3.04,17.94,950.9
08-10-2023,14,819.7,30.52,3.04,18.19,819.7
08-10-2023,15,381,30.27,2.65,18.19,381
08-10-2023,16,293.5,29.23,2.6,17.88,293.5
08-10-2023,17,81.1,27.17,1.95,18.8,81.1
08-10-2023,18,2.9,26.5,1.65,17.76,2.9
08-10-2023,19,0.7,26.56,1.33,17.03,0.7
08-10-2023,20,0,26.87,0.87,16.24,0
08-10-2023,21,0,26.76,0.42,16.05,0
08-10-2023,22,0,26.11,0.73,15.93,0
08-10-2023,23,0,25.02,1.28,16.17,0
09-10-2023,0,0,23.94,1.74,16.24,0
09-10-2023,1,0,23.05,2.08,16.11,0
09-10-2023,2,0,22.43,2.29,15.87,0
09-10-2023,3,0,22,2.39,15.56,0
09-10-2023,4,0,21.65,2.43,15.38,0
09-10-2023,5,0.4,21.33,2.42,15.26,0.4
09-10-2023,6,3.9,22.66,2.34,16.17,3.9
09-10-2023,7,135.5,24.38,2.6,16.66,135.5
09-10-2023,8,363.1,26.73,1.96,17.64,363.1
09-10-2023,9,603.5,29.22,2.07,17.82,603.5
09-10-2023,10,773.6,30.27,2.3,18.07,773.6
09-10-2023,11,820.9,30.73,2.46,18.19,820.9
09-10-2023,12,846.5,30.86,2.59,18.13,846.5
09-10-2023,13,921.8,30.7,2.61,18.13,921.8
09-10-2023,14,805.7,30.64,2.6,18.31,805.7
09-10-2023,15,594.2,30.3,2.31,18.86,594.2
09-10-2023,16,347.8,29.57,2.29,18.62,347.8
09-10-2023,17,108.5,27.48,1.86,19.47,108.5
09-10-2023,18,3,26.64,1.77,18.68,3
09-10-2023,19,0.8,26.45,1.59,18.01,0.8
09-10-2023,20,0,26.48,1.28,17.4,0
09-10-2023,21,0,26.47,0.86,16.85,0
09-10-2023,22,0,26.43,0.43,16.42,0
09-10-2023,23,0,25.87,0.59,16.42,0
10-10-2023,0,0,24.82,1.07,16.48,0
10-10-2023,1,0,23.94,1.48,16.48,0
10-10-2023,2,0,23.22,1.74,16.42,0
10-10-2023,3,0,22.65,1.92,16.36,0
10-10-2023,4,0,22.28,2.08,16.3,0
10-10-2023,5,0.5,21.92,2.18,16.24,0.5
10-10-2023,6,3.1,23.3,2.47,17.21,3.1
10-10-2023,7,113.6,24.96,2.95,18.07,113.6
10-10-2023,8,344.8,27.37,2.44,18.86,344.8
10-10-2023,9,582.7,29.35,2.36,18.98,582.7
10-10-2023,10,743.5,30.29,2.5,19.1,743.5
10-10-2023,11,923.7,30.72,2.64,19.04,923.7
10-10-2023,12,940.2,30.88,2.75,18.92,940.2
10-10-2023,13,319.1,30.75,2.89,18.92,319.1
10-10-2023,14,700.5,30.42,2.97,18.86,700.5
10-10-2023,15,281.3,29.94,2.66,19.29,281.3
10-10-2023,16,252.6,29.02,2.76,18.8,252.6
10-10-2023,17,109.8,26.98,2.16,19.53,109.8
10-10-2023,18,2,25.89,2.1,18.68,2
10-10-2023,19,0.8,25.49,2.03,18.07,0.8
10-10-2023,20,0,25.09,1.96,17.46,0
10-10-2023,21,0,24.63,1.92,16.97,0
10-10-2023,22,0,24.19,1.93,16.6,0
10-10-2023,23,0,23.58,2.01,16.3,0
11-10-2023,0,0,22.93,2.11,16.11,0
11-10-2023,1,0,22.33,2.22,15.93,0
11-10-2023,2,0,21.87,2.23,15.69,0
11-10-2023,3,0,21.45,2.21,15.5,0
11-10-2023,4,0,21.08,2.19,15.32,0
11-10-2023,5,0.5,20.78,2.15,15.26,0.5
11-10-2023,6,3,21.98,2.57,15.87,3
11-10-2023,7,127.4,23.56,2.69,16.72,127.4
11-10-2023,8,368.2,26.19,2.61,17.58,368.2
11-10-2023,9,615.3,28.52,3.42,17.52,615.3
11-10-2023,10,793.4,29.59,3.55,17.64,793.4
11-10-2023,11,872.7,30.06,3.54,17.64,872.7
11-10-2023,12,1003.8,30.31,3.49,17.58,1003.8
11-10-2023,13,957,30.27,3.38,17.52,957
11-10-2023,14,804.2,30.02,3.23,17.58,804.2
11-10-2023,15,608.8,29.79,2.81,17.82,608.8
11-10-2023,16,167.2,28.79,2.65,17.7,167.2
11-10-2023,17,106.4,26.4,1.98,18.13,106.4
11-10-2023,18,3,25.92,1.75,16.85,3
11-10-2023,19,0.6,26.05,1.38,16.17,0.6
11-10-2023,20,0,26.16,1.02,15.56,0
11-10-2023,21,0,25.98,0.74,15.26,0
11-10-2023,22,0,25.62,0.57,15.14,0
11-10-2023,23,0,25.27,0.48,15.01,0
12-10-2023,0,0,24.86,0.41,14.89,0
12-10-2023,1,0,24.41,0.38,14.77,0
12-10-2023,2,0,24.05,0.5,14.59,0
12-10-2023,3,0,23.49,0.67,14.47,0
12-10-2023,4,0,22.9,0.8,14.47,0
12-10-2023,5,0.3,22.4,0.91,14.34,0.3
12-10-2023,6,2.8,22.91,0.93,15.44,2.8
12-10-2023,7,123.5,24.46,1.01,15.87,123.5
12-10-2023,8,372.4,27.09,1.49,16.24,372.4
12-10-2023,9,611.1,28.94,2.17,16.6,611.1
12-10-2023,10,815.6,30,2.54,17.09,815.6
12-10-2023,11,922.2,30.55,2.75,17.33,922.2
12-10-2023,12,716.2,30.82,2.88,17.58,716.2
12-10-2023,13,959.7,30.74,2.98,17.7,959.7
12-10-2023,14,812.8,30.43,2.99,17.88,812.8
12-10-2023,15,498.5,30.11,2.73,18.13,498.5
12-10-2023,16,338.2,28.93,2.71,17.88,338.2
12-10-2023,17,97.4,26.4,2.1,18.49,97.4
12-10-2023,18,2.2,25.63,1.93,17.33,2.2
12-10-2023,19,0.6,25.48,1.63,16.66,0.6
12-10-2023,20,0,25.33,1.37,16.17,0
12-10-2023,21,0,24.97,1.22,15.87,0
12-10-2023,22,0,24.61,1.16,15.62,0
12-10-2023,23,0,24.3,1.1,15.38,0
13-10-2023,0,0,24.01,0.94,15.14,0
13-10-2023,1,0,23.62,0.78,15.01,0
13-10-2023,2,0,23.23,0.76,14.83,0
13-10-2023,3,0,22.92,0.76,14.71,0
13-10-2023,4,0,22.67,0.84,14.59,0
13-10-2023,5,0.4,22.33,0.99,14.47,0.4
13-10-2023,6,2.9,22.89,1.02,15.75,2.9
13-10-2023,7,114.7,24.55,1.29,16.17,114.7
13-10-2023,8,352.5,26.7,1.33,17.03,352.5
13-10-2023,9,588.2,29.08,2.12,17.03,588.2
13-10-2023,10,790,29.98,2.56,17.27,790
13-10-2023,11,911,30.46,2.76,17.46,911
13-10-2023,12,905.8,30.69,2.89,17.64,905.8
13-10-2023,13,893.9,30.62,2.91,17.76,893.9
13-10-2023,14,687.7,30.31,2.87,17.94,687.7
13-10-2023,15,526.1,29.82,2.56,18.37,526.1
13-10-2023,16,303.9,28.88,2.44,18.37,303.9
13-10-2023,17,89.8,26.66,1.93,18.74,89.8
13-10-2023,18,2.1,25.95,1.77,17.76,2.1
13-10-2023,19,0.7,25.92,1.51,17.15,0.7
13-10-2023,20,0,25.9,1.18,16.6,0
13-10-2023,21,0,25.88,0.8,16.17,0
13-10-2023,22,0,25.69,0.63,15.93,0
13-10-2023,23,0,24.95,0.71,15.93,0
14-10-2023,0,0,24.37,0.87,15.87,0
14-10-2023,1,0,23.72,0.99,15.75,0
14-10-2023,2,0,23.16,1.13,15.62,0
14-10-2023,3,0,22.65,1.3,15.5,0
14-10-2023,4,0,22.25,1.45,15.44,0
14-10-2023,5,0.4,21.97,1.52,15.32,0.4
14-10-2023,6,2.9,22.9,1.36,16.48,2.9
14-10-2023,7,118.1,24.76,1.57,16.91,118.1
14-10-2023,8,365.4,27.42,0.5,17.33,365.4
14-10-2023,9,614.1,29.18,2.04,17.58,614.1
14-10-2023,10,953.6,29.85,2.52,17.94,953.6
14-10-2023,11,901.6,30.23,2.8,18.01,901.6
14-10-2023,12,971.3,30.39,2.98,17.88,971.3
14-10-2023,13,863.2,30.29,3.05,17.7,863.2
14-10-2023,14,286.1,29.96,2.92,17.58,286.1
14-10-2023,15,244.3,29.48,2.59,17.82,244.3
14-10-2023,16,257.5,28.52,2.33,17.82,257.5
14-10-2023,17,92.8,26.51,1.83,18.13,92.8
14-10-2023,18,3.4,25.83,1.54,17.09,3.4
14-10-2023,19,0.6,25.62,1.26,16.36,0.6
14-10-2023,20,0,25.48,1.1,15.81,0
14-10-2023,21,0,25.14,1.09,15.5,0
14-10-2023,22,0,24.43,1.19,15.38,0
14-10-2023,23,0,23.65,1.32,15.32,0
15-10-2023,0,0,23.08,1.43,15.2,0
15-10-2023,1,0,22.56,1.51,15.01,0
15-10-2023,2,0,22.26,1.44,14.83,0
15-10-2023,3,0,22.17,1.22,14.65,0
15-10-2023,4,0,22.34,0.99,14.4,0
15-10-2023,5,0.4,22.35,0.8,14.22,0.4
15-10-2023,6,2.8,22.95,0.64,15.38,2.8
15-10-2023,7,107.2,24.45,0.73,15.87,107.2
15-10-2023,8,334.4,26.9,0.09,16.11,334.4
15-10-2023,9,576.4,29.38,1.23,15.62,576.4
15-10-2023,10,778.1,30.09,1.73,15.81,778.1
15-10-2023,11,842.7,30.38,2.11,15.93,842.7
15-10-2023,12,743.8,30.43,2.5,16.05,743.8
15-10-2023,13,773.4,30.27,2.83,16.17,773.4
15-10-2023,14,321.4,30.01,2.87,16.3,321.4
15-10-2023,15,551.8,29.74,2.58,16.42,551.8
15-10-2023,16,302.3,28.47,2.67,16.11,302.3
15-10-2023,17,85.2,25.92,2.03,17.64,85.2
15-10-2023,18,1.5,25.19,1.93,16.54,1.5
15-10-2023,19,0.8,25.08,1.69,15.93,0.8
15-10-2023,20,0,25.15,1.43,15.32,0
15-10-2023,21,0,25.04,1.17,14.89,0
15-10-2023,22,0,24.78,0.98,14.53,0
15-10-2023,23,0,24.49,0.89,14.28,0
16-10-2023,0,0,24.18,0.92,14.1,0
16-10-2023,1,0,23.63,1.01,14.04,0
16-10-2023,2,0,23.01,1.06,13.98,0
16-10-2023,3,0,22.65,1.02,13.85,0
16-10-2023,4,0,22.39,0.92,13.79,0
16-10-2023,5,0.4,22.12,0.81,13.67,0.4
16-10-2023,6,2.5,22.64,0.7,14.77,2.5
16-10-2023,7,97.5,24.2,0.76,15.2,97.5
16-10-2023,8,308.7,26.55,1.32,15.87,308.7
16-10-2023,9,542.5,28.62,1.77,16.17,542.5
16-10-2023,10,727.6,29.69,1.52,16.36,727.6
16-10-2023,11,919.3,30.24,1.21,16.24,919.3
16-10-2023,12,458.4,30.51,1.33,16.11,458.4
16-10-2023,13,245.7,30.36,1.73,16.11,245.7
16-10-2023,14,712.8,30.12,2.02,16.11,712.8
16-10-2023,15,430.1,29.82,1.86,16.72,430.1
16-10-2023,16,93.5,29.12,2.03,15.81,93.5
16-10-2023,17,63.1,26.5,1.84,17.21,63.1
16-10-2023,18,1.3,25.26,1.95,16.66,1.3
16-10-2023,19,0.7,24.62,2.02,16.24,0.7
16-10-2023,20,0,24.09,2.02,15.93,0
16-10-2023,21,0,23.65,1.95,15.56,0
16-10-2023,22,0,23.22,1.87,15.26,0
16-10-2023,23,0,22.8,1.82,15.01,0
17-10-2023,0,0,22.37,1.77,14.83,0
17-10-2023,1,0,22.01,1.72,14.65,0
17-10-2023,2,0,21.71,1.66,14.47,0
17-10-2023,3,0,21.44,1.62,14.34,0
17-10-2023,4,0,21.19,1.57,14.22,0
17-10-2023,5,0.3,21.01,1.48,14.1,0.3
17-10-2023,6,2.5,22,1.24,15.2,2.5
17-10-2023,7,111.8,23.85,1.3,15.56,111.8
17-10-2023,8,340.4,26.49,0.45,15.87,340.4
17-10-2023,9,596.2,28.96,0.89,15.56,596.2
17-10-2023,10,783.4,29.8,1.35,15.75,783.4
17-10-2023,11,908.1,30.18,1.61,15.93,908.1
17-10-2023,12,939.2,30.37,1.94,16.11,939.2
17-10-2023,13,893,30.25,2.36,16.17,893
17-10-2023,14,728,29.84,2.69,16.36,728
17-10-2023,15,359.2,29.5,2.61,16.54,359.2
17-10-2023,16,273.9,28.07,2.8,16.17,273.9
17-10-2023,17,88,25.16,2.26,17.21,88
17-10-2023,18,1.3,24.03,2.33,16.05,1.3
17-10-2023,19,0.7,23.63,2.19,15.38,0.7
17-10-2023,20,0,23.42,1.96,14.71,0
17-10-2023,21,0,23.28,1.69,14.1,0
17-10-2023,22,0,23.01,1.46,13.67,0
17-10-2023,23,0,22.65,1.38,13.37,0
18-10-2023,0,0,22.05,1.45,13.18,0
18-10-2023,1,0,21.44,1.61,13.06,0
18-10-2023,2,0,20.77,1.76,13,0
18-10-2023,3,0,20.18,1.85,12.88,0
18-10-2023,4,0,19.72,1.9,12.76,0
18-10-2023,5,0.5,19.3,1.91,12.63,0.5
18-10-2023,6,2.5,20.3,1.72,13.67,2.5
18-10-2023,7,119.8,22.12,2.23,13.73,119.8
18-10-2023,8,368.3,24.21,1.95,14.95,368.3
18-10-2023,9,605.2,27.3,2.07,15.08,605.2
18-10-2023,10,781,28.83,2.53,15.5,781
18-10-2023,11,890.8,29.41,2.75,15.93,890.8
18-10-2023,12,950,29.73,2.9,16.3,950
18-10-2023,13,872.9,29.74,3.02,16.42,872.9
18-10-2023,14,761.7,29.48,3.07,16.6,761.7
18-10-2023,15,552.1,28.98,2.82,16.97,552.1
18-10-2023,16,310.1,27.81,2.7,17.03,310.1
18-10-2023,17,89.3,25.13,2.11,17.46,89.3
18-10-2023,18,1.3,24.31,2.06,16.3,1.3
18-10-2023,19,0.6,24.27,1.79,15.75,0.6
18-10-2023,20,0,24.32,1.38,15.2,0
18-10-2023,21,0,24.49,0.88,14.71,0
18-10-2023,22,0,24.44,0.64,14.4,0
18-10-2023,23,0,23.69,0.93,14.4,0
19-10-2023,0,0,22.57,1.36,14.47,0
19-10-2023,1,0,21.62,1.74,14.47,0
19-10-2023,2,0,20.96,1.96,14.34,0
19-10-2023,3,0,20.46,2.03,14.28,0
19-10-2023,4,0,20.14,2.02,14.28,0
19-10-2023,5,0.4,19.84,1.96,14.28,0.4
19-10-2023,6,2.4,20.99,1.84,15.01,2.4
19-10-2023,7,109.4,22.88,2.13,15.81,109.4
19-10-2023,8,338.6,25.52,2.2,16.36,338.6
19-10-2023,9,578.1,27.52,2.62,16.66,578.1
19-10-2023,10,750.2,28.83,2.69,16.97,750.2
19-10-2023,11,856.6,29.63,2.56,17.21,856.6
19-10-2023,12,903,29.99,2.46,17.33,903
19-10-2023,13,569.8,29.98,2.49,17.33,569.8
19-10-2023,14,746.6,29.71,2.62,17.33,746.6
19-10-2023,15,547.7,29.2,2.53,17.64,547.7
19-10-2023,16,288.5,28.2,2.36,17.76,288.5
19-10-2023,17,81.1,25.89,2,18.13,81.1
19-10-2023,18,1.4,24.94,2.03,17.09,1.4
19-10-2023,19,0.7,24.66,1.92,16.54,0.7
19-10-2023,20,0,24.5,1.68,16.05,0
19-10-2023,21,0,24.34,1.37,15.56,0
19-10-2023,22,0,24.36,1.09,15.14,0
19-10-2023,23,0,23.94,0.86,14.89,0
20-10-2023,0,0,23.55,0.82,14.71,0
20-10-2023,1,0,22.69,0.97,14.59,0
20-10-2023,2,0,21.91,1.23,14.53,0
20-10-2023,3,0,21.17,1.46,14.4,0
20-10-2023,4,0,20.52,1.56,14.34,0
20-10-2023,5,0.3,20.02,1.55,14.28,0.3
20-10-2023,6,1.6,21.02,1.44,14.95,1.6
20-10-2023,7,107.5,22.69,1.52,15.56,107.5
20-10-2023,8,324.5,25.72,1.73,16.11,324.5
20-10-2023,9,566.9,27.65,2.11,16.66,566.9
20-10-2023,10,739.2,28.88,2.17,17.03,739.2
20-10-2023,11,763.4,29.55,2.32,17.33,763.4
20-10-2023,12,429,29.94,2.58,17.52,429
20-10-2023,13,877.5,29.93,2.9,17.58,877.5
20-10-2023,14,765.7,29.59,3.16,17.7,765.7
20-10-2023,15,539.5,29.01,3.07,18.07,539.5
20-10-2023,16,161.4,27.8,2.81,18.43,161.4
20-10-2023,17,75.5,25.36,2.32,18.37,75.5
20-10-2023,18,1.3,24.32,2.46,17.52,1.3
20-10-2023,19,0.6,23.78,2.45,17.09,0.6
20-10-2023,20,0,23.3,2.4,16.66,0
20-10-2023,21,0,22.8,2.29,16.3,0
20-10-2023,22,0,22.25,2.15,15.93,0
20-10-2023,23,0,21.71,1.98,15.62,0
21-10-2023,0,0,21.19,1.78,15.38,0
21-10-2023,1,0,20.67,1.61,15.2,0
21-10-2023,2,0,20.26,1.52,15.08,0
21-10-2023,3,0,19.94,1.48,14.95,0
21-10-2023,4,0,19.69,1.45,14.83,0
21-10-2023,5,0.3,19.57,1.41,14.65,0.3
21-10-2023,6,1.5,20.63,1.39,15.08,1.5
21-10-2023,7,97.3,22.31,1.49,15.75,97.3
21-10-2023,8,296.4,25.15,1.78,16.24,296.4
21-10-2023,9,541.7,27.12,2.09,16.66,541.7
21-10-2023,10,731.6,28.23,2.24,17.03,731.6
21-10-2023,11,836,28.88,2.52,17.21,836
21-10-2023,12,888.6,29.19,2.89,17.27,888.6
21-10-2023,13,870.8,29.25,3.27,17.21,870.8
21-10-2023,14,730.7,29.01,3.54,17.15,730.7
21-10-2023,15,536.2,28.43,3.43,17.33,536.2
21-10-2023,16,228.6,27.16,2.94,17.64,228.6
21-10-2023,17,80.8,24.87,2.37,17.7,80.8
21-10-2023,18,1.1,23.75,2.46,16.78,1.1
21-10-2023,19,0.6,23.07,2.46,16.24,0.6
21-10-2023,20,0,22.44,2.45,15.75,0
21-10-2023,21,0,21.81,2.44,15.32,0
21-10-2023,22,0,21.2,2.38,14.95,0
21-10-2023,23,0,20.63,2.32,14.65,0
22-10-2023,0,0,20.15,2.28,14.47,0
22-10-2023,1,0,19.68,2.29,14.4,0
22-10-2023,2,0,19.24,2.33,14.34,0
22-10-2023,3,0,18.87,2.39,14.16,0
22-10-2023,4,0,18.48,2.4,13.92,0
22-10-2023,5,0.1,18.04,2.38,13.61,0.1
22-10-2023,6,1.3,19.01,2.73,13.61,1.3
22-10-2023,7,110.3,20.81,2.76,14.22,110.3
22-10-2023,8,364.7,23.28,2.53,15.14,364.7
22-10-2023,9,607.7,26.06,4.45,13.43,607.7
22-10-2023,10,802.2,27.16,4.86,13.31,802.2
22-10-2023,11,929.5,27.87,5.17,13.55,929.5
22-10-2023,12,963.2,28.26,5.38,13.92,963.2
22-10-2023,13,877.8,28.33,5.49,14.22,877.8
22-10-2023,14,764.8,28.05,5.4,14.34,764.8
22-10-2023,15,579.3,27.27,4.65,14.89,579.3
22-10-2023,16,340.9,25.6,3.34,15.93,340.9
22-10-2023,17,90.2,22.83,2.88,15.38,90.2
22-10-2023,18,0.9,21.75,3.04,14.65,0.9
22-10-2023,19,0.4,21.16,3.09,14.22,0.4
22-10-2023,20,0,20.58,3.06,13.92,0
22-10-2023,21,0,20.02,2.95,13.61,0
22-10-2023,22,0,19.49,2.83,13.24,0
22-10-2023,23,0,18.99,2.71,12.94,0
23-10-2023,0,0,18.53,2.6,12.57,0
23-10-2023,1,0,18.13,2.5,12.27,0
23-10-2023,2,0,17.83,2.42,11.9,0
23-10-2023,3,0,17.57,2.34,11.54,0
23-10-2023,4,0,17.38,2.29,11.23,0
23-10-2023,5,0.1,17.11,2.31,10.93,0.1
23-10-2023,6,1.2,18.24,2.19,11.84,1.2
23-10-2023,7,113.3,20.88,3.03,12.15,113.3
23-10-2023,8,239.6,22.98,2.9,13.18,239.6
23-10-2023,9,591.2,25.92,4.28,12.88,591.2
23-10-2023,10,822,27.25,5.22,12.7,822
23-10-2023,11,945.3,27.79,5.47,13.06,945.3
23-10-2023,12,961.1,28.13,5.6,13.49,961.1
23-10-2023,13,903.4,28.19,5.71,13.85,903.4
23-10-2023,14,768.6,27.86,5.63,14.22,768.6
23-10-2023,15,610.2,27.09,4.87,14.83,610.2
23-10-2023,16,376.1,25.43,3.35,15.93,376.1
23-10-2023,17,125.4,22.61,2.77,15.32,125.4
23-10-2023,18,1.8,21.44,2.85,14.59,1.8
23-10-2023,19,0.4,20.82,2.89,14.1,0.4
23-10-2023,20,0,20.18,2.94,13.67,0
23-10-2023,21,0,19.49,2.9,13.18,0
23-10-2023,22,0,18.8,2.78,12.76,0
23-10-2023,23,0,18.23,2.66,12.33,0
24-10-2023,0,0,17.69,2.59,11.96,0
24-10-2023,1,0,17.21,2.52,11.72,0
24-10-2023,2,0,16.75,2.42,11.54,0
24-10-2023,3,0,16.35,2.35,11.41,0
24-10-2023,4,0,15.99,2.33,11.29,0
24-10-2023,5,0,15.65,2.37,11.17,0
24-10-2023,6,1.5,17.11,2.42,11.66,1.5
24-10-2023,7,155.3,19.58,3.07,12.21,155.3
24-10-2023,8,420.6,22.23,2.66,13.18,420.6
24-10-2023,9,658.4,25.3,3.75,12.63,658.4
24-10-2023,10,848.8,26.37,4.23,12.94,848.8
24-10-2023,11,955.1,27.1,4.57,13.18,955.1
24-10-2023,12,985,27.51,4.88,13.31,985
24-10-2023,13,932.1,27.51,5.06,13.37,932.1
24-10-2023,14,793.2,27.28,4.92,13.43,793.2
24-10-2023,15,587.2,26.51,4.35,13.79,587.2
24-10-2023,16,343.4,24.8,3.07,14.95,343.4
24-10-2023,17,86.9,21.77,2.75,14.28,86.9
24-10-2023,18,1,20.62,2.84,13.55,1
24-10-2023,19,0.4,20.01,2.79,13.12,0.4
24-10-2023,20,0,19.48,2.74,12.76,0
24-10-2023,21,0,18.98,2.68,12.39,0
24-10-2023,22,0,18.55,2.63,12.08,0
24-10-2023,23,0,18.14,2.6,11.78,0
25-10-2023,0,0,17.76,2.61,11.54,0
25-10-2023,1,0,17.39,2.63,11.35,0
25-10-2023,2,0,16.99,2.65,11.17,0
25-10-2023,3,0,16.62,2.64,10.99,0
25-10-2023,4,0,16.3,2.64,10.93,0
25-10-2023,5,0,15.97,2.61,10.8,0
25-10-2023,6,1.7,17.15,2.54,11.41,1.7
25-10-2023,7,137.4,19.79,3.19,12.02,137.4
25-10-2023,8,396.5,22.08,2.76,13.24,396.5
25-10-2023,9,642.7,25.47,3.98,12.88,642.7
25-10-2023,10,833,26.68,4.23,13,833
25-10-2023,11,946.5,27.3,4.23,13.18,946.5
25-10-2023,12,988.6,27.65,4.27,13.31,988.6
25-10-2023,13,916.1,27.58,4.33,13.31,916.1
25-10-2023,14,786.7,27.33,4.29,13.31,786.7
25-10-2023,15,584.5,26.57,3.91,13.55,584.5
25-10-2023,16,330,24.81,3,14.65,330
25-10-2023,17,87.5,21.65,2.69,14.04,87.5
25-10-2023,18,1,20.52,2.78,13.24,1
25-10-2023,19,0.6,19.93,2.73,12.82,0.6
25-10-2023,20,0,19.38,2.71,12.51,0
25-10-2023,21,0,18.87,2.7,12.21,0
25-10-2023,22,0,18.42,2.65,11.84,0
25-10-2023,23,0,18.04,2.58,11.54,0
